page_category;measurement_category
Home page;01homepa/02notrel/03notrel
Broker reviews - general;01review/02notrel/03review
Broker reviews - silo;01review/02notrel/03notrel
Broker review - scaled fees;01review/02notrel/03feeees
Broker review - scaled deposits;01review/02notrel/03deposi
Broker review - scaled alternatives;01review/02notrel/03altbro
Broker review - scaled account opening;01review/02notrel/03openac
Broker review - scaled app;01review/02notrel/03traapp
Broker review - scaled customer service;01review/02notrel/03custsv
Broker review - scaled legit;01review/02notrel/03safety
Broker review - scaled free;01review/02notrel/03isfree
Broker review - scaled good for beginners;01review/02notrel/03beginn
Broker review - scaled silver;01review/02notrel/03silver
Broker review - scaled option;01review/02notrel/03option
Broker review - scaled withdraw from broker;01review/02notrel/03withdr
Broker review - scaled minimum balance;01review/02notrel/03minbal
Broker review - scaled commission;01review/02notrel/03comfee
Broker review - scaled stocks;01review/02notrel/03stonxx
Broker review - scaled beginner review;01review/02notrel/03beginr
Best brokers - general;01bestca/02notrel/03notrel
Best brokers - forex beginners;01bestca/02forexx/03beginn
Best brokers - forex general;01bestca/02forexx/03notrel
Best brokers - beginners;01bestca/02notrel/03beginn
Best brokers - cfd;01bestca/02notrel/03cfdbro
Best brokers - discount;01bestca/02notrel/03discou
Best brokers - citizen;01bestca/02notrel/03online
Education;01educat/02notrel/03notrel
How to buy shares;01educat/02stocks/03buysto
How to buy IPO;01educat/02stocks/03buyipo
Comparison table;01compar/02notrel/03notrel
Top2 pages;01compar/02brvsbr/03notrel
Find my broker;01fmybro/02notrel/03notrel
MFSTQ;01mfstqa/02notrel/03notrel
Investment goals;01invgoa/02notrel/03notrel
Scam shield;01scashi/02notrel/03notrel
Country pages;01counpg/02notrel/03notrel
Not categorized;01cateme/02notrel/03notrel
Abouts - team;01abouts/02teamus/03notrel
Abouts - blog;01abouts/02blogus/03notrel
Careers;01techni/02notrel/03notrel